[{"model": "admin.logentry", "pk": 1, "fields": {"action_time": "2021-02-22T19:15:46.201Z", "user": 1, "content_type": 8, "object_id": "1", "object_repr": "List object (1)", "action_flag": 2, "change_message": "[{\"changed\": {\"fields\": [\"Description\"]}}]"}}, {"model": "admin.logentry", "pk": 2, "fields": {"action_time": "2021-02-22T19:16:24.678Z", "user": 1, "content_type": 8, "object_id": "2", "object_repr": "List object (2)", "action_flag": 1, "change_message": "[{\"added\": {}}]"}}, {"model": "admin.logentry", "pk": 3, "fields": {"action_time": "2021-02-22T19:18:20.923Z", "user": 1, "content_type": 8, "object_id": "3", "object_repr": "List object (3)", "action_flag": 1, "change_message": "[{\"added\": {}}]"}}, {"model": "admin.logentry", "pk": 4, "fields": {"action_time": "2021-02-22T19:18:46.811Z", "user": 1, "content_type": 8, "object_id": "4", "object_repr": "List object (4)", "action_flag": 1, "change_message": "[{\"added\": {}}]"}}, {"model": "admin.logentry", "pk": 5, "fields": {"action_time": "2021-02-22T19:19:23.000Z", "user": 1, "content_type": 8, "object_id": "3", "object_repr": "List object (3)", "action_flag": 2, "change_message": "[]"}}, {"model": "admin.logentry", "pk": 6, "fields": {"action_time": "2021-02-22T19:19:48.870Z", "user": 1, "content_type": 8, "object_id": "3", "object_repr": "List object (3)", "action_flag": 2, "change_message": "[{\"changed\": {\"fields\": [\"Description\"]}}]"}}, {"model": "admin.logentry", "pk": 7, "fields": {"action_time": "2021-02-22T19:20:08.124Z", "user": 1, "content_type": 8, "object_id": "4", "object_repr": "List object (4)", "action_flag": 2, "change_message": "[{\"changed\": {\"fields\": [\"Image\"]}}]"}}, {"model": "admin.logentry", "pk": 8, "fields": {"action_time": "2021-02-22T19:20:37.588Z", "user": 1, "content_type": 7, "object_id": "1", "object_repr": "Job object (1)", "action_flag": 2, "change_message": "[]"}}, {"model": "admin.logentry", "pk": 9, "fields": {"action_time": "2021-02-22T19:20:57.493Z", "user": 1, "content_type": 9, "object_id": "1", "object_repr": "List_For_Job object (1)", "action_flag": 1, "change_message": "[{\"added\": {}}]"}}, {"model": "admin.logentry", "pk": 10, "fields": {"action_time": "2021-02-22T19:21:44.073Z", "user": 1, "content_type": 7, "object_id": "2", "object_repr": "Job object (2)", "action_flag": 1, "change_message": "[{\"added\": {}}]"}}, {"model": "admin.logentry", "pk": 11, "fields": {"action_time": "2021-02-22T19:21:56.691Z", "user": 1, "content_type": 9, "object_id": "2", "object_repr": "List_For_Job object (2)", "action_flag": 1, "change_message": "[{\"added\": {}}]"}}, {"model": "admin.logentry", "pk": 12, "fields": {"action_time": "2021-02-22T19:22:59.258Z", "user": 1, "content_type": 7, "object_id": "3", "object_repr": "Job object (3)", "action_flag": 1, "change_message": "[{\"added\": {}}]"}}, {"model": "admin.logentry", "pk": 13, "fields": {"action_time": "2021-02-22T19:23:09.969Z", "user": 1, "content_type": 9, "object_id": "3", "object_repr": "List_For_Job object (3)", "action_flag": 1, "change_message": "[{\"added\": {}}]"}}, {"model": "admin.logentry", "pk": 14, "fields": {"action_time": "2021-02-22T19:23:16.620Z", "user": 1, "content_type": 9, "object_id": "4", "object_repr": "List_For_Job object (4)", "action_flag": 1, "change_message": "[{\"added\": {}}]"}}, {"model": "admin.logentry", "pk": 15, "fields": {"action_time": "2021-02-22T19:24:13.673Z", "user": 1, "content_type": 7, "object_id": "4", "object_repr": "Job object (4)", "action_flag": 1, "change_message": "[{\"added\": {}}]"}}, {"model": "admin.logentry", "pk": 16, "fields": {"action_time": "2021-02-22T19:24:23.166Z", "user": 1, "content_type": 9, "object_id": "5", "object_repr": "List_For_Job object (5)", "action_flag": 1, "change_message": "[{\"added\": {}}]"}}, {"model": "admin.logentry", "pk": 17, "fields": {"action_time": "2021-02-22T19:24:31.310Z", "user": 1, "content_type": 9, "object_id": "6", "object_repr": "List_For_Job object (6)", "action_flag": 1, "change_message": "[{\"added\": {}}]"}}, {"model": "admin.logentry", "pk": 18, "fields": {"action_time": "2021-02-22T19:25:12.309Z", "user": 1, "content_type": 7, "object_id": "5", "object_repr": "Job object (5)", "action_flag": 1, "change_message": "[{\"added\": {}}]"}}, {"model": "admin.logentry", "pk": 19, "fields": {"action_time": "2021-02-22T19:25:19.896Z", "user": 1, "content_type": 9, "object_id": "7", "object_repr": "List_For_Job object (7)", "action_flag": 1, "change_message": "[{\"added\": {}}]"}}, {"model": "admin.logentry", "pk": 20, "fields": {"action_time": "2021-02-22T19:26:01.718Z", "user": 1, "content_type": 7, "object_id": "6", "object_repr": "Job object (6)", "action_flag": 1, "change_message": "[{\"added\": {}}]"}}, {"model": "admin.logentry", "pk": 21, "fields": {"action_time": "2021-02-22T19:26:10.127Z", "user": 1, "content_type": 9, "object_id": "8", "object_repr": "List_For_Job object (8)", "action_flag": 1, "change_message": "[{\"added\": {}}]"}}, {"model": "admin.logentry", "pk": 22, "fields": {"action_time": "2021-02-22T19:26:17.740Z", "user": 1, "content_type": 9, "object_id": "9", "object_repr": "List_For_Job object (9)", "action_flag": 1, "change_message": "[{\"added\": {}}]"}}, {"model": "admin.logentry", "pk": 23, "fields": {"action_time": "2021-02-22T19:26:25.058Z", "user": 1, "content_type": 9, "object_id": "10", "object_repr": "List_For_Job object (10)", "action_flag": 1, "change_message": "[{\"added\": {}}]"}}, {"model": "admin.logentry", "pk": 24, "fields": {"action_time": "2021-02-22T19:27:31.494Z", "user": 1, "content_type": 7, "object_id": "7", "object_repr": "Job object (7)", "action_flag": 1, "change_message": "[{\"added\": {}}]"}}, {"model": "admin.logentry", "pk": 25, "fields": {"action_time": "2021-02-22T19:27:45.794Z", "user": 1, "content_type": 9, "object_id": "11", "object_repr": "List_For_Job object (11)", "action_flag": 1, "change_message": "[{\"added\": {}}]"}}, {"model": "admin.logentry", "pk": 26, "fields": {"action_time": "2021-02-22T19:28:01.624Z", "user": 1, "content_type": 9, "object_id": "12", "object_repr": "List_For_Job object (12)", "action_flag": 1, "change_message": "[{\"added\": {}}]"}}, {"model": "admin.logentry", "pk": 27, "fields": {"action_time": "2021-02-22T19:28:39.964Z", "user": 1, "content_type": 7, "object_id": "8", "object_repr": "Job object (8)", "action_flag": 1, "change_message": "[{\"added\": {}}]"}}, {"model": "admin.logentry", "pk": 28, "fields": {"action_time": "2021-02-22T19:29:01.483Z", "user": 1, "content_type": 9, "object_id": "13", "object_repr": "List_For_Job object (13)", "action_flag": 1, "change_message": "[{\"added\": {}}]"}}, {"model": "admin.logentry", "pk": 29, "fields": {"action_time": "2021-02-22T22:56:52.774Z", "user": 1, "content_type": 8, "object_id": "3", "object_repr": "List object (3)", "action_flag": 2, "change_message": "[{\"changed\": {\"fields\": [\"Image\"]}}]"}}, {"model": "auth.permission", "pk": 1, "fields": {"name": "Can add log entry", "content_type": 1, "codename": "add_logentry"}}, {"model": "auth.permission", "pk": 2, "fields": {"name": "Can change log entry", "content_type": 1, "codename": "change_logentry"}}, {"model": "auth.permission", "pk": 3, "fields": {"name": "Can delete log entry", "content_type": 1, "codename": "delete_logentry"}}, {"model": "auth.permission", "pk": 4, "fields": {"name": "Can view log entry", "content_type": 1, "codename": "view_logentry"}}, {"model": "auth.permission", "pk": 5, "fields": {"name": "Can add permission", "content_type": 2, "codename": "add_permission"}}, {"model": "auth.permission", "pk": 6, "fields": {"name": "Can change permission", "content_type": 2, "codename": "change_permission"}}, {"model": "auth.permission", "pk": 7, "fields": {"name": "Can delete permission", "content_type": 2, "codename": "delete_permission"}}, {"model": "auth.permission", "pk": 8, "fields": {"name": "Can view permission", "content_type": 2, "codename": "view_permission"}}, {"model": "auth.permission", "pk": 9, "fields": {"name": "Can add group", "content_type": 3, "codename": "add_group"}}, {"model": "auth.permission", "pk": 10, "fields": {"name": "Can change group", "content_type": 3, "codename": "change_group"}}, {"model": "auth.permission", "pk": 11, "fields": {"name": "Can delete group", "content_type": 3, "codename": "delete_group"}}, {"model": "auth.permission", "pk": 12, "fields": {"name": "Can view group", "content_type": 3, "codename": "view_group"}}, {"model": "auth.permission", "pk": 13, "fields": {"name": "Can add user", "content_type": 4, "codename": "add_user"}}, {"model": "auth.permission", "pk": 14, "fields": {"name": "Can change user", "content_type": 4, "codename": "change_user"}}, {"model": "auth.permission", "pk": 15, "fields": {"name": "Can delete user", "content_type": 4, "codename": "delete_user"}}, {"model": "auth.permission", "pk": 16, "fields": {"name": "Can view user", "content_type": 4, "codename": "view_user"}}, {"model": "auth.permission", "pk": 17, "fields": {"name": "Can add content type", "content_type": 5, "codename": "add_contenttype"}}, {"model": "auth.permission", "pk": 18, "fields": {"name": "Can change content type", "content_type": 5, "codename": "change_contenttype"}}, {"model": "auth.permission", "pk": 19, "fields": {"name": "Can delete content type", "content_type": 5, "codename": "delete_contenttype"}}, {"model": "auth.permission", "pk": 20, "fields": {"name": "Can view content type", "content_type": 5, "codename": "view_contenttype"}}, {"model": "auth.permission", "pk": 21, "fields": {"name": "Can add session", "content_type": 6, "codename": "add_session"}}, {"model": "auth.permission", "pk": 22, "fields": {"name": "Can change session", "content_type": 6, "codename": "change_session"}}, {"model": "auth.permission", "pk": 23, "fields": {"name": "Can delete session", "content_type": 6, "codename": "delete_session"}}, {"model": "auth.permission", "pk": 24, "fields": {"name": "Can view session", "content_type": 6, "codename": "view_session"}}, {"model": "auth.permission", "pk": 25, "fields": {"name": "Can add job", "content_type": 7, "codename": "add_job"}}, {"model": "auth.permission", "pk": 26, "fields": {"name": "Can change job", "content_type": 7, "codename": "change_job"}}, {"model": "auth.permission", "pk": 27, "fields": {"name": "Can delete job", "content_type": 7, "codename": "delete_job"}}, {"model": "auth.permission", "pk": 28, "fields": {"name": "Can view job", "content_type": 7, "codename": "view_job"}}, {"model": "auth.permission", "pk": 29, "fields": {"name": "Can add list", "content_type": 8, "codename": "add_list"}}, {"model": "auth.permission", "pk": 30, "fields": {"name": "Can change list", "content_type": 8, "codename": "change_list"}}, {"model": "auth.permission", "pk": 31, "fields": {"name": "Can delete list", "content_type": 8, "codename": "delete_list"}}, {"model": "auth.permission", "pk": 32, "fields": {"name": "Can view list", "content_type": 8, "codename": "view_list"}}, {"model": "auth.permission", "pk": 33, "fields": {"name": "Can add list_ for_ job", "content_type": 9, "codename": "add_list_for_job"}}, {"model": "auth.permission", "pk": 34, "fields": {"name": "Can change list_ for_ job", "content_type": 9, "codename": "change_list_for_job"}}, {"model": "auth.permission", "pk": 35, "fields": {"name": "Can delete list_ for_ job", "content_type": 9, "codename": "delete_list_for_job"}}, {"model": "auth.permission", "pk": 36, "fields": {"name": "Can view list_ for_ job", "content_type": 9, "codename": "view_list_for_job"}}, {"model": "auth.user", "pk": 1, "fields": {"password": "pbkdf2_sha256$216000$rstBq3DsMKIh$/MKWpemo3lyZH6uJcKNbLyicGaIJpK4Badgy0aikC3E=", "last_login": "2021-02-22T18:23:56.742Z", "is_superuser": true, "username": "daniel", "first_name": "", "last_name": "", "email": "danielmargulies21@gmail.com", "is_staff": true, "is_active": true, "date_joined": "2021-02-22T18:23:35.702Z", "groups": [], "user_permissions": []}}, {"model": "contenttypes.contenttype", "pk": 1, "fields": {"app_label": "admin", "model": "logentry"}}, {"model": "contenttypes.contenttype", "pk": 2, "fields": {"app_label": "auth", "model": "permission"}}, {"model": "contenttypes.contenttype", "pk": 3, "fields": {"app_label": "auth", "model": "group"}}, {"model": "contenttypes.contenttype", "pk": 4, "fields": {"app_label": "auth", "model": "user"}}, {"model": "contenttypes.contenttype", "pk": 5, "fields": {"app_label": "contenttypes", "model": "contenttype"}}, {"model": "contenttypes.contenttype", "pk": 6, "fields": {"app_label": "sessions", "model": "session"}}, {"model": "contenttypes.contenttype", "pk": 7, "fields": {"app_label": "jobs", "model": "job"}}, {"model": "contenttypes.contenttype", "pk": 8, "fields": {"app_label": "jobs", "model": "list"}}, {"model": "contenttypes.contenttype", "pk": 9, "fields": {"app_label": "jobs", "model": "list_for_job"}}, {"model": "sessions.session", "pk": "mdb31uhb6b62cyo5gztkyotal9xdpmlq", "fields": {"session_data": ".eJxVjEEOwiAQRe_C2hAYS2Fcuu8ZyAxMpWpoUtqV8e7apAvd_vfef6lI21ri1mSJU1YXZdXpd2NKD6k7yHeqt1mnua7LxHpX9EGbHuYsz-vh_h0UauVbj4mgd70xmYABaex8QEbIELgTCeCQiZCQswvOegNiAyaLKfkzGK_eH-ocN6o:1lEFsC:8xv1XGoPmdkC0_aL1BqrsXXV_zg-yBXWLi41ouKS6PM", "expire_date": "2021-03-08T18:23:56.745Z"}}, {"model": "jobs.list", "pk": 1, "fields": {"name": "Cardea's Favorites", "description": "This is a list of the jobs that Cardea thinks are super cool! Since members of our team have formerly worked at some of these companies we totally think they're awesome opportunities.", "image": "https://cardea.imgix.net/media/lists/cover_images/default.png?auto=format&fit=crop&w=220&h=220"}}, {"model": "jobs.list", "pk": 2, "fields": {"name": "Big Tech", "description": "Ever wanted to work at FAANG? Here's a list of jobs that are open at the biggest tech companies in the world. Companies range from Facebook to Google, Apple, Netflix and Amazon.", "image": "https://cardea.imgix.net/media/lists/cover_images/Tech__Startups__LA_7Bu2rrV.png?auto=format&fit=crop&w=220&h=220"}}, {"model": "jobs.list", "pk": 3, "fields": {"name": "Work From Home", "description": "Ever since the pandemic there have been an increased number of jobs that give you the flexibility to work wherever you want. This is a list curated specifically for those jobs.", "image": "https://cardea.imgix.net/media/lists/cover_images/Sales.png?auto=format&fit=crop&w=220&h=220"}}, {"model": "jobs.list", "pk": 4, "fields": {"name": "Future Of Food", "description": "Redefining how we eat, feat. Infarm, Memphis Meats & Air Protein. This list is composed of companies that are changing the food that comes onto our dinner tables.", "image": "https://cardea.imgix.net/media/lists/cover_images/32eae392-6886-404a-8a3b-cc980501550b.png?auto=format&fit=crop&w=220&h=220"}}, {"model": "jobs.job", "pk": 1, "fields": {"job_title": "Application Software Engineer", "company": "SpaceX", "location": "New York, NY", "min_salary": 40000, "max_salary": 65000, "apply_link": "https://boards.greenhouse.io/spacex/jobs/5027836002"}}, {"model": "jobs.job", "pk": 2, "fields": {"job_title": "Product Security Engineer", "company": "SpaceX", "location": "Hawthorne, California", "min_salary": 40000, "max_salary": 70000, "apply_link": "https://boards.greenhouse.io/spacex/jobs/5026870002"}}, {"model": "jobs.job", "pk": 3, "fields": {"job_title": "Project Researcher", "company": "Google", "location": "New York, NY", "min_salary": 60000, "max_salary": 75000, "apply_link": "https://cardea.work/company/google"}}, {"model": "jobs.job", "pk": 4, "fields": {"job_title": "CEO", "company": "Google", "location": "Remote", "min_salary": 60000, "max_salary": 65000, "apply_link": "https://cardea.work/company/google"}}, {"model": "jobs.job", "pk": 5, "fields": {"job_title": "Marketing Manager", "company": "Peloton", "location": "Miami, FL", "min_salary": 70000, "max_salary": 75000, "apply_link": "https://boards.greenhouse.io/peloton/jobs/2456864"}}, {"model": "jobs.job", "pk": 6, "fields": {"job_title": "Executive Assistant", "company": "Notion", "location": "San Francisco, CA", "min_salary": 50000, "max_salary": 70000, "apply_link": "https://boards.greenhouse.io/notion/jobs/4302660003"}}, {"model": "jobs.job", "pk": 7, "fields": {"job_title": "Group Product Manager", "company": "Beyond Meat", "location": "Remote", "min_salary": 45000, "max_salary": 60000, "apply_link": "https://jobs.lever.co/imperfectfoods/101fee2d-8e1f-4f5d-bf03-38e8b41c603a"}}, {"model": "jobs.job", "pk": 8, "fields": {"job_title": "Food Tester", "company": "Beyond Meat", "location": "San Francisco, CA", "min_salary": 40000, "max_salary": 60000, "apply_link": "https://jobs.smartrecruiters.com/oneclick-ui/company/McDonaldsCorporation/publication/fb47215c-eee1-4a71-9512-511c370d2dc9"}}, {"model": "jobs.list_for_job", "pk": 1, "fields": {"list_name": "Cardea's Favorites", "job": 1}}, {"model": "jobs.list_for_job", "pk": 2, "fields": {"list_name": "Work From Home", "job": 2}}, {"model": "jobs.list_for_job", "pk": 3, "fields": {"list_name": "Cardea's Favorites", "job": 3}}, {"model": "jobs.list_for_job", "pk": 4, "fields": {"list_name": "Big Tech", "job": 3}}, {"model": "jobs.list_for_job", "pk": 5, "fields": {"list_name": "Work From Home", "job": 4}}, {"model": "jobs.list_for_job", "pk": 6, "fields": {"list_name": "Big Tech", "job": 4}}, {"model": "jobs.list_for_job", "pk": 7, "fields": {"list_name": "Big Tech", "job": 5}}, {"model": "jobs.list_for_job", "pk": 8, "fields": {"list_name": "Big Tech", "job": 6}}, {"model": "jobs.list_for_job", "pk": 9, "fields": {"list_name": "Cardea's Favorites", "job": 6}}, {"model": "jobs.list_for_job", "pk": 10, "fields": {"list_name": "Work From Home", "job": 6}}, {"model": "jobs.list_for_job", "pk": 11, "fields": {"list_name": "Future Of Food", "job": 7}}, {"model": "jobs.list_for_job", "pk": 12, "fields": {"list_name": "Work From Home", "job": 7}}, {"model": "jobs.list_for_job", "pk": 13, "fields": {"list_name": "Future Of Food", "job": 8}}]